{
  "train_loss": [
    1.046711368813886,
    0.4057090191460734,
    0.3184007895015292,
    0.26165718354060125,
    0.21887555971376635,
    0.2043441303481521,
    0.19622385347421145,
    0.16865798884572172,
    0.16199457297223296,
    0.13848841903396605,
    0.14417579298752392,
    0.13226868135938843,
    0.054110978406809514,
    0.03687398472813136,
    0.03482517478221954,
    0.04020597571432508,
    0.04180839841733611,
    0.032262546871839985,
    0.03630648778399614,
    0.02486840309012136,
    0.015832423705177092,
    0.012689633712064429,
    0.012154777999016708,
    0.01158156451325413,
    0.008253620363059018
  ],
  "train_acc": [
    0.7457600502512562,
    0.882537688442211,
    0.9057003768844222,
    0.9220320351758794,
    0.9349089195979899,
    0.9395414572864321,
    0.9413473618090452,
    0.9503768844221105,
    0.948963567839196,
    0.9589353015075377,
    0.9545383165829145,
    0.9597989949748744,
    0.9842179648241206,
    0.9886934673366834,
    0.990106783919598,
    0.9880653266331658,
    0.9882223618090452,
    0.9890860552763819,
    0.9902638190954774,
    0.992462311557789,
    0.9947393216080402,
    0.996623743718593,
    0.996623743718593,
    0.9961526381909548,
    0.9976444723618091
  ],
  "val_loss": [
    0.3809342994513335,
    0.3251144246260325,
    0.25537071874848116,
    0.26500685186297807,
    0.23146540425993778,
    0.19150816080746827,
    0.22324228307163274,
    0.19901235844112106,
    0.1794357362775891,
    0.1995741116700487,
    0.22897085615330273,
    0.19260767420132954,
    0.18138282392484448,
    0.11200691114369504,
    0.10592890820058529,
    0.14240631413214874,
    0.12997731093304335,
    0.11967528678791563,
    0.20907344703838504,
    0.17943407775909656,
    0.12359122151472278,
    0.11996223752502205,
    0.1327838961317536,
    0.12224150280791542,
    0.15487231619220607
  ],
  "val_acc": [
    0.8959259259259259,
    0.9022222222222221,
    0.9251851851851851,
    0.9322222222222222,
    0.9437037037037037,
    0.9433333333333332,
    0.9396296296296296,
    0.9533333333333333,
    0.9459259259259258,
    0.9503703703703703,
    0.9366666666666666,
    0.9485185185185184,
    0.9603703703703703,
    0.9718518518518519,
    0.9781481481481481,
    0.9677777777777777,
    0.97,
    0.9714814814814814,
    0.9488888888888889,
    0.9622222222222222,
    0.9751851851851852,
    0.9748148148148148,
    0.9722222222222222,
    0.9755555555555555,
    0.9692592592592593
  ],
  "learning_rates": [
    0.001,
    0.001,
    0.001,
    0.001,
    0.001,
    0.001,
    0.001,
    0.001,
    0.001,
    0.001,
    0.001,
    0.001,
    0.0005,
    0.0005,
    0.0005,
    0.0005,
    0.0005,
    0.0005,
    0.0005,
    0.00025,
    0.00025,
    0.00025,
    0.00025,
    0.000125,
    0.000125
  ]
}