{
  "train_loss": [
    1.5876058250216383,
    0.8311757090403207
  ],
  "train_acc": [
    0.6105527638190955,
    0.7722204773869347
  ],
  "val_loss": [
    0.9477055454254151,
    0.7282170677626575
  ],
  "val_acc": [
    0.7459259259259259,
    0.7962962962962963
  ],
  "learning_rates": [
    0.001,
    0.001
  ]
}