{
  "train_loss": [
    3.127418614512113,
    2.144577060512562,
    1.615723080970534,
    1.253994547092735,
    1.014414962212644,
    0.8481850583649161,
    0.722570727705656,
    0.618997570932211,
    0.5302005662915096,
    0.49052302041395224,
    0.4426332857441064,
    0.39115879058032926,
    0.3558049704785922,
    0.32865405994369157,
    0.3065814515716167,
    0.27430942685497767,
    0.26968295328393954,
    0.2295839112654478,
    0.2179908997580484,
    0.20572319434459635,
    0.19569554946492965,
    0.19284264251224734,
    0.16542077694677904,
    0.16689998958840144,
    0.1410570394519211,
    0.17495380341070682,
    0.13775950068158646,
    0.13256977954481602,
    0.1398859035420283,
    0.11767915526905738,
    0.06420843396686841,
    0.04205702976882341,
    0.04154558610314405,
    0.04159602976591916,
    0.0447393619938316,
    0.040988288961652776,
    0.03813249720263426,
    0.02387840881185833,
    0.0187389269187004,
    0.016181374052229417,
    0.01563590214867525,
    0.016746173317347603,
    0.017263245824365392,
    0.01177498201089215,
    0.010317051885588503,
    0.010262701214915937,
    0.009345655225312917,
    0.009056775513066776,
    0.0072522402786571955,
    0.007958145068507073
  ],
  "train_acc": [
    0.3080244974874372,
    0.46749371859296485,
    0.5829145728643216,
    0.6681061557788944,
    0.7184359296482412,
    0.7626413316582915,
    0.7921639447236181,
    0.823963567839196,
    0.8454773869346733,
    0.8560772613065327,
    0.8704459798994975,
    0.8819095477386935,
    0.8925879396984925,
    0.9011463567839196,
    0.9073492462311558,
    0.9170854271356784,
    0.9188913316582915,
    0.9306689698492463,
    0.9342022613065327,
    0.9385207286432161,
    0.9383636934673367,
    0.942446608040201,
    0.9495917085427136,
    0.9491206030150754,
    0.9574434673366834,
    0.9484139447236181,
    0.9594849246231156,
    0.9601915829145728,
    0.9543027638190955,
    0.9623900753768845,
    0.980998743718593,
    0.9872801507537688,
    0.9880653266331658,
    0.9886149497487438,
    0.9868090452261307,
    0.9878297738693468,
    0.9873586683417086,
    0.9927763819095478,
    0.9946608040201005,
    0.9948178391959799,
    0.9955244974874372,
    0.9957600502512562,
    0.9949748743718593,
    0.9967022613065327,
    0.9967807788944724,
    0.9970948492462312,
    0.9973304020100503,
    0.9970948492462312,
    0.9979585427135679,
    0.9977229899497487
  ],
  "val_loss": [
    2.5376664066314696,
    2.1992629423847907,
    1.5237280271671436,
    1.138318238346665,
    1.0312039370890016,
    0.8826648068428039,
    0.7770187700236285,
    0.714762590902823,
    0.8916004233890109,
    0.760629351315675,
    0.7128196374133781,
    0.5563456231576425,
    0.686999639360993,
    0.4972768712926794,
    0.5241417582388277,
    0.36770224509415805,
    0.37850732971120765,
    0.3579052289768502,
    0.4853913909859128,
    0.4242366338659216,
    0.3975421538397118,
    0.31760608971118925,
    0.603239743621261,
    0.42864182779082544,
    0.32725698393804054,
    0.31770304295751783,
    0.4057179045897943,
    0.45480892757574715,
    0.38015103580775084,
    0.43532686098858164,
    0.2274082057364285,
    0.24026164256864124,
    0.20544443182095334,
    0.3897752371264829,
    0.2706560487355347,
    0.2953142493397549,
    0.36755923503044025,
    0.2607928299193305,
    0.239444911479605,
    0.22833101781119627,
    0.24697201645174235,
    0.23665597896022653,
    0.3317668002595504,
    0.3342853123614461,
    0.22551048012829766,
    0.3070833699075781,
    0.2920083929612129,
    0.2693266941863112,
    0.24327495239373229,
    0.3321654507513503
  ],
  "val_acc": [
    0.39925925925925926,
    0.5085185185185185,
    0.6125925925925926,
    0.6966666666666667,
    0.7303703703703703,
    0.7633333333333333,
    0.7922222222222222,
    0.8018518518518518,
    0.7848148148148147,
    0.807037037037037,
    0.7996296296296296,
    0.8625925925925926,
    0.8559259259259259,
    0.864074074074074,
    0.8666666666666666,
    0.9018518518518518,
    0.8918518518518518,
    0.9092592592592592,
    0.8737037037037036,
    0.8922222222222221,
    0.907037037037037,
    0.9266666666666666,
    0.8818518518518518,
    0.9051851851851851,
    0.9181481481481482,
    0.9299999999999999,
    0.9159259259259259,
    0.8948148148148147,
    0.914074074074074,
    0.9162962962962963,
    0.9525925925925925,
    0.9507407407407407,
    0.9544444444444444,
    0.9307407407407406,
    0.9418518518518518,
    0.9407407407407407,
    0.9333333333333332,
    0.9485185185185184,
    0.9566666666666667,
    0.9548148148148148,
    0.9507407407407407,
    0.9555555555555555,
    0.9448148148148148,
    0.9451851851851851,
    0.9592592592592593,
    0.9433333333333332,
    0.947037037037037,
    0.9533333333333333,
    0.9566666666666667,
    0.9437037037037037
  ],
  "learning_rates": [
    0.001,
    0.001,
    0.001,
    0.001,
    0.001,
    0.001,
    0.001,
    0.001,
    0.001,
    0.001,
    0.001,
    0.001,
    0.001,
    0.001,
    0.001,
    0.001,
    0.001,
    0.001,
    0.001,
    0.001,
    0.001,
    0.001,
    0.001,
    0.001,
    0.001,
    0.001,
    0.001,
    0.001,
    0.001,
    0.001,
    0.0005,
    0.0005,
    0.0005,
    0.0005,
    0.0005,
    0.0005,
    0.0005,
    0.00025,
    0.00025,
    0.00025,
    0.00025,
    0.00025,
    0.00025,
    0.000125,
    0.000125,
    0.000125,
    0.000125,
    0.000125,
    0.000125,
    6.25e-05
  ]
}