{
  "train_loss": [
    0.9989286553320573,
    0.2384804277938215,
    0.125707834547189,
    0.09647092351867775,
    0.07166102134514993,
    0.05785181104023028,
    0.05780639268935251,
    0.058368089220407024,
    0.0525883973398288,
    0.04765605927917676,
    0.06361734828602841,
    0.05626185000792202,
    0.006915090348398671,
    0.0015636902195667666,
    0.0010836821135885818,
    0.0009123267828000284,
    0.0007915507581975047,
    0.0008128789477862726,
    0.0008208977128400985,
    0.0007601178554228572
  ],
  "train_acc": [
    0.757537688442211,
    0.9356940954773869,
    0.9634893216080402,
    0.9731469849246231,
    0.9804491206030151,
    0.9842179648241206,
    0.9831972361809045,
    0.984375,
    0.9868090452261307,
    0.9874371859296482,
    0.9817839195979899,
    0.9827261306532663,
    0.9985866834170855,
    0.9996859296482412,
    0.9996074120603016,
    0.9994503768844222,
    0.9996074120603016,
    0.9996074120603016,
    0.9996074120603016,
    0.9994503768844222
  ],
  "val_loss": [
    0.4867585371600257,
    0.47234978940751815,
    0.48948703191898485,
    0.28472960004100095,
    0.2825030200569718,
    0.4900226382856016,
    0.23054183456632826,
    0.2555548169657036,
    0.3035055282380846,
    0.1866949447879085,
    0.3090760610280214,
    0.16001005353751005,
    0.12574886425777718,
    0.11012607637516879,
    0.1048968379765197,
    0.10553772136155103,
    0.10320532249838665,
    0.10552670770635207,
    0.10362444840578569,
    0.10397636058222916
  ],
  "val_acc": [
    0.87,
    0.8592592592592592,
    0.8670370370370369,
    0.9259259259259259,
    0.9333333333333332,
    0.8674074074074074,
    0.9422222222222222,
    0.9388888888888889,
    0.9322222222222222,
    0.9551851851851851,
    0.9303703703703703,
    0.9577777777777777,
    0.9729629629629629,
    0.9718518518518519,
    0.9722222222222222,
    0.9725925925925926,
    0.9751851851851852,
    0.9744444444444444,
    0.9755555555555555,
    0.9729629629629629
  ],
  "learning_rates": [
    0.001,
    0.001,
    0.001,
    0.001,
    0.001,
    0.001,
    0.001,
    0.001,
    0.001,
    0.001,
    0.001,
    0.001,
    0.001,
    0.001,
    0.001,
    0.001,
    0.001,
    0.001,
    0.001,
    0.001
  ]
}