{
  "train_loss": [
    1.443493441121662,
    0.6640824558746875,
    0.5106242275867031,
    0.38099468622974414,
    0.328192766624779,
    0.2784411322756029,
    0.23678149507572901,
    0.21534118595434792,
    0.19815505505656478,
    0.1773695914196459,
    0.18317696987534288,
    0.15908959124181138,
    0.14270296465399576,
    0.14051350391465217,
    0.13564338961185599,
    0.14562180417416684,
    0.11222425226739903,
    0.13430305669580272,
    0.04387556892543582,
    0.02875533382333441
  ],
  "train_acc": [
    0.647141959798995,
    0.8137562814070352,
    0.8529365577889447,
    0.8874842964824121,
    0.9002826633165829,
    0.9160646984924623,
    0.9298052763819096,
    0.9331030150753769,
    0.9429177135678392,
    0.9457443467336684,
    0.9470006281407035,
    0.9510835427135679,
    0.9567368090452262,
    0.9568938442211056,
    0.9573649497487438,
    0.953910175879397,
    0.9654522613065327,
    0.9602701005025126,
    0.9879868090452262,
    0.9913630653266332
  ],
  "val_loss": [
    1.031372784420296,
    0.6714181707965003,
    0.5048007774794543,
    0.4818344804534206,
    0.7021376812016522,
    0.317195170323054,
    0.5120722167580216,
    0.30989139486242223,
    0.3335586939034639,
    0.35336364600393505,
    0.28754752940601774,
    0.2823636934933839,
    0.38838983323838977,
    0.26894341146504436,
    0.31319298916392857,
    0.3934741066341047,
    0.3770286347247936,
    0.3041137940795333,
    0.21961424697328497,
    0.201242630371341
  ],
  "val_acc": [
    0.7433333333333333,
    0.8107407407407407,
    0.8455555555555555,
    0.8685185185185185,
    0.8185185185185184,
    0.9062962962962963,
    0.8807407407407407,
    0.9155555555555555,
    0.9151851851851851,
    0.9022222222222221,
    0.9196296296296296,
    0.9177777777777777,
    0.9066666666666666,
    0.9266666666666666,
    0.9225925925925925,
    0.9155555555555555,
    0.9062962962962963,
    0.9211111111111111,
    0.9477777777777777,
    0.9522222222222222
  ],
  "learning_rates": [
    0.001,
    0.001,
    0.001,
    0.001,
    0.001,
    0.001,
    0.001,
    0.001,
    0.001,
    0.001,
    0.001,
    0.001,
    0.001,
    0.001,
    0.001,
    0.001,
    0.001,
    0.001,
    0.0005,
    0.0005
  ]
}