{
  "train_loss": [
    1.493527697558379,
    0.8213514428042886,
    0.6091933433134952,
    0.4887919195333318,
    0.4100027652691357,
    0.37168782541350504,
    0.3139905208469036,
    0.32162058375888136,
    0.28576062784422585,
    0.23162291637018098,
    0.20874988758496604,
    0.23289701234006402,
    0.20753396341773733,
    0.18863450582302996,
    0.09268090811946508,
    0.05869630506571064,
    0.049384515861227135,
    0.04752846987304937,
    0.04429456395747599,
    0.04483621538705637
  ],
  "train_acc": [
    0.6287688442211056,
    0.7716708542713568,
    0.8296953517587939,
    0.8581187185929648,
    0.8793969849246231,
    0.8918027638190955,
    0.9075062814070352,
    0.9060929648241206,
    0.913552135678392,
    0.9312971105527639,
    0.9374214824120604,
    0.9304334170854272,
    0.9345163316582915,
    0.9437028894472362,
    0.9729899497487438,
    0.9815483668341709,
    0.9862594221105527,
    0.9857883165829145,
    0.9864164572864321,
    0.9861023869346733
  ],
  "val_loss": [
    1.0996056239693253,
    0.7710536316589073,
    0.7204373697881346,
    0.5637201057981561,
    0.434719335326442,
    0.5221452039259451,
    0.4104274322368481,
    0.5654375946742517,
    0.5001131940771032,
    0.3083022163090883,
    0.43543717092937895,
    0.41218284324363424,
    0.3170140132639143,
    0.31592489745881824,
    0.19895461632145775,
    0.1927824815776613,
    0.32758119689093695,
    0.28157956692907543,
    0.2395762011519185,
    0.19255980454109334
  ],
  "val_acc": [
    0.7162962962962962,
    0.7822222222222222,
    0.807037037037037,
    0.837037037037037,
    0.8751851851851852,
    0.8537037037037036,
    0.8859259259259259,
    0.8588888888888888,
    0.8725925925925926,
    0.9181481481481482,
    0.894074074074074,
    0.8925925925925925,
    0.9088888888888889,
    0.9174074074074073,
    0.9492592592592592,
    0.9503703703703703,
    0.9340740740740741,
    0.9355555555555555,
    0.9414814814814815,
    0.9544444444444444
  ],
  "learning_rates": [
    0.001,
    0.001,
    0.001,
    0.001,
    0.001,
    0.001,
    0.001,
    0.001,
    0.001,
    0.001,
    0.001,
    0.001,
    0.001,
    0.001,
    0.0005,
    0.0005,
    0.0005,
    0.0005,
    0.0005,
    0.0005
  ]
}