Model,Accuracy,Mean Per-Class Acc,Precision (Macro),Recall (Macro),F1-Score (Macro),Precision (Weighted),Recall (Weighted),F1-Score (Weighted),Top-5 Accuracy
HOG + SVM,0.8379809389339923,0.7785021987595269,0.8269562936225129,0.7785021987595269,0.7948811851091763,0.850556229617277,0.8379809389339923,0.838736548310528,0.8926932580303565
ResNet,0.952347334980586,0.9473050836846519,0.9638144756245043,0.9473050836846519,0.9524439135989787,0.9583463671808772,0.952347334980586,0.951933504416837,0.9925873632192023
EfficientNet,0.9714084009883516,0.9570208797685001,0.9657772921084339,0.9570208797685001,0.9597087734592684,0.9732628930989057,0.9714084009883516,0.9713010045720252,0.9922343805153547
