{
  "train_loss": [
    2.102664187325904,
    1.3039999837851404,
    1.05482355493996,
    0.8811744348188142,
    0.7694950746231942,
    0.7169378941981637,
    0.6240276958624921,
    0.5634933370142127,
    0.5048928056380257,
    0.4672469424841991,
    0.44944914254411383,
    0.4117776566564138,
    0.3739367138650549,
    0.34974835120403586,
    0.3356489752929414,
    0.3303258749258578,
    0.2940613783746209,
    0.29849702801237155,
    0.2760727735208207,
    0.2739041374069662
  ],
  "train_acc": [
    0.5010207286432161,
    0.6592336683417086,
    0.7119974874371859,
    0.7540043969849246,
    0.7844692211055276,
    0.7978957286432161,
    0.8223146984924623,
    0.8393530150753769,
    0.8574120603015075,
    0.8680119346733668,
    0.8724089195979899,
    0.881516959798995,
    0.8899968592964824,
    0.8962782663316583,
    0.9015389447236181,
    0.9016174623115578,
    0.911981783919598,
    0.9121388190954774,
    0.9189698492462312,
    0.9203831658291457
  ],
  "val_loss": [
    1.3200648887952169,
    0.9915231022128352,
    1.044311667195073,
    0.8662347306145562,
    0.8890838689274259,
    0.8002239393304895,
    0.6346174498840614,
    0.6283888830520489,
    0.5632725721818429,
    0.6393907123141819,
    0.4924608889553282,
    0.477354288454409,
    0.5705224625269572,
    0.5425674932974356,
    0.5133745112242523,
    0.4812724818565227,
    0.5747346098996975,
    0.5676032785574595,
    0.47294721682866414,
    0.6010523584595433
  ],
  "val_acc": [
    0.6503703703703704,
    0.7225925925925926,
    0.727037037037037,
    0.7618518518518518,
    0.76,
    0.7896296296296296,
    0.8177777777777777,
    0.8192592592592592,
    0.8496296296296296,
    0.8222222222222222,
    0.8662962962962962,
    0.8666666666666666,
    0.8537037037037036,
    0.8633333333333333,
    0.8751851851851852,
    0.8744444444444444,
    0.8696296296296296,
    0.8622222222222222,
    0.8892592592592592,
    0.8622222222222222
  ],
  "learning_rates": [
    0.001,
    0.001,
    0.001,
    0.001,
    0.001,
    0.001,
    0.001,
    0.001,
    0.001,
    0.001,
    0.001,
    0.001,
    0.001,
    0.001,
    0.001,
    0.001,
    0.001,
    0.001,
    0.001,
    0.001
  ]
}